size;optimal;value_cuts;cutsTime;baseTime;cplexTime;cutsWithDTime;gurobiCutsWithDTime
10;true;222.0;0.020999670028686523;0.01;0.012;0.026000022888183594;-1.0
100;true;2657.0;0.02500009536743164;0.017;0.02;0.02200007438659668;-1.0
1000;true;26516.0;0.03900027275085449;0.068;0.066;0.02499985694885254;-1.0
6000;true;159233.0;0.1699995994567871;0.431;0.237;0.026999950408935547;-1.0
11000;true;291771.0;0.3360002040863037;1.064;0.503;0.08299994468688965;-1.0
16000;true;424461.0;0.5310001373291016;1.947;0.619;0.10699987411499023;-1.0
